{
  "LSTM": {
    "model": "LSTM",
    "train_metrics": {
      "MAE": 1.8363180612509515,
      "MAPE": 0.3975558613908194,
      "RMSE": 2.374627812321506,
      "R2": 0.480004433917536
    },
    "test_metrics": {
      "MAE": 1.986915742479124,
      "MAPE": 0.41724736667708107,
      "RMSE": 2.575053168693736,
      "R2": 0.41773620148429313
    }
  },
  "BiLSTM": {
    "model": "BiLSTM",
    "train_metrics": {
      "MAE": 1.8160954830974447,
      "MAPE": 0.39957633728778,
      "RMSE": 2.360996431415413,
      "R2": 0.48595729337316196
    },
    "test_metrics": {
      "MAE": 1.964927855282951,
      "MAPE": 0.4186450622679016,
      "RMSE": 2.562943058254963,
      "R2": 0.4231999320254072
    }
  }
}